prompt,sft_output,ppo_output,rm_sft,rm_ppo
불고기용 고기 한우에요?,"### Instruction(명령어):
불고기용 고기 한우에요?

### Response(응답):'저는 AI 어시스턴트이기 때문에 고기를 먹을 수 없습니다. 하지만 일반적으로 불고기용 고기는 건강에 좋기 때문에 많은 사람들이 즐겨 먹는 음식 중 하나입니다. 하지만 일부 사람들은 불고기용 고기를 먹지 않는 경우도 있을 수 있습니다. 따라서 적절한 양을 선택하시면 됩니다! this country","### Instruction(명령어):
불고기용 고기 한우에요?

### Response(응답):'저는 인공지능 어시스턴트이기 때문에 고기를 먹을 수 없습니다. 하지만 일반적으로 불고기용 고기는 매운 양념과 함께 먹으면 맛있게 먹을 수 있습니다. 따라서 불고기용 고기를 먹는 것은 건강에 매우 좋은 음식 중 하나입니다. Choice Palmer, ""Translation of the English",-0.22341613471508026,-0.25976845622062683
리처드 닉슨이 43대 부통령직을 수행한 년도는?,"### Instruction(명령어):
리처드 닉슨이 43대 부통령직을 수행한 년도는?

### Response(응답):'리처드 닉슨은 46대 부통령직을 수행했습니다. Steward Johnson (Charles Illan) Institute of the Translation Power (Michael Minority) Corporate Group (Object","### Instruction(명령어):
리처드 닉슨이 43대 부통령직을 수행한 년도는?

### Response(응답):'리처드 닉슨은 47대 부통령직을 수행했습니다. This prompt to the context. this physical model, I do not have anything about the translation of the situation",-0.2505916357040405,-0.24287205934524536
시카고 오헤어 국제공항은 어디에 있어?,"### Instruction(명령어):
시카고 오헤어 국제공항은 어디에 있어?

### Response(응답):'저는 인공지능 어시스턴트이기 때문에 시카고에 대한 정보를 가지고 있지 않습니다. 하지만, 시카고는 미국 캘리포니아주 로스앤젤레스(Los Angeles) 주에 위치해 있습니다. Neutralo Presidents and Michael Translation Co., Ltd. House","### Instruction(명령어):
시카고 오헤어 국제공항은 어디에 있어?

### Response(응답):'시카고 오 헤어 국제공항은 미국 캘리포니아주 로스앤젤레스(Los Angeles) 시에 위치해 있습니다. Natural Translation, Imperial Expressions and the English Circuit of Canada Opportunities)는 시카고에서 가장 유명한 국제공항 중",-0.21995344758033752,-0.26201099157333374
오늘 미세먼지 어때?,"### Instruction(명령어):
오늘 미세먼지 어때?

### Response(응답):'저는 인공지능 챗봇이기 때문에 미세먼지 상황을 알 수 없습니다. 하지만, 미세먼지 상황이 악화되면 건강에 큰 영향을 미칠 수 있기 때문에 건강 상태를 확인해보는 것이 좋습니다. 또한 미세먼지를 줄이기 위해 실내에서 마스크를 착용하고, 손세정제를 사용하는 것도 좋은 방법입니다. 또한, 외출","### Instruction(명령어):
오늘 미세먼지 어때?

### Response(응답):'저는 인공지능 챗봇이기 때문에 미세먼지 문제에 대한 정보를 가지고 있지 않습니다. 하지만 미세먼지 농도가 높아질 때는 건강에 매우 해로울 수 있으므로, 외출 시 마스크를 착용하고 실내 공기를 청결하게 유지하는 것이 중요합니다. 또한, 미세먼지 농도를 줄이기 위해서는 적절한 운동과 충분한 수면을 취하는 것이",-0.1829558163881302,-0.18040448427200317
