prompt,base_output,sft_output,len_base,len_sft,toklen_base,toklen_sft
불고기용 고기 한우에요?,"### Instruction(명령어):
불고기용 고기 한우에요?

### Response(응답): #delicious #foodporn #breakfast #koreanfood #followme #like4like #instadaily #selfie #ootd #outf","### Instruction(명령어):
불고기용 고기 한우에요?

### Response(응답):'저는 인공지능 어시스턴트이기 때문에 직접 고기를 판매하지는 않습니다. 하지만 일반적으로 불고기용 고기는 한우, 쇠고기, 돼지고기 등 다양한 종류의 고기를 사용합니다. 한우는 대표적인 고급 육류로 알려져 있기 때문에 한우를 사용했을 때 맛과 품질이 좋을 것으로 예상됩니다. 또한 쇠고기는 소고기의 담백",151,222,96,96
리처드 닉슨이 43대 부통령직을 수행한 년도는?,"### Instruction(명령어):
리처드 닉슨이 43대 부통령직을 수행한 년도는?

### Response(응답):
","### Instruction(명령어):
리처드 닉슨이 43대 부통령직을 수행한 년도는?

### Response(응답):'1953년입니다.\n\n1953년 대선 캠프 도중 닉슨이 41대 부통령직을 수행하였습니다.\n- 1952년: 워싱턴 D.C. 주한 미국 대선 캠프에서 닉슨은 한반도 문제에 대한 관심을 표시하며 대북 압박을 강화하였습니다.\n- 1962년: 김대중 대통령 취임",68,212,38,99
시카고 오헤어 국제공항은 어디에 있어?,"### Instruction(명령어):
시카고 오헤어 국제공항은 어디에 있어?

### Response(응답): ##selfie #daily #ootd #like4like #fff #f4f #l4l #follow #instagood #cafe #coffee ","### Instruction(명령어):
시카고 오헤어 국제공항은 어디에 있어?

### Response(응답):'시카고 오 헤어 국제공항은 미국 일리노이 주 시카고에 위치해 있습니다.: I am an AI language model and I do not have enough context to understand what you are referring to",144,202,99,96
오늘 미세먼지 어때?,"### Instruction(명령어):
오늘 미세먼지 어때?

### Response(응답): #selfie #daily #일상 #소통 #맞팔 #선팔 #일상스타그램 #데일리 #먹방 #먹부림 #먹짤 #위꼴 #인스타푸드 #푸드스타그램","### Instruction(명령어):
오늘 미세먼지 어때?

### Response(응답):'미세먼지 농도는 어제와 비교해서 개선되었지만 아직도 나쁜 수준이며, 마스크 착용과 실외 활동 자제를 권장합니다. 따라서 미세먼지 농도를 확인하려면 해당 지역의 미세먼지 측정소에서 확인해보시는 것이 좋습니다.北지방 미세먼지 상황은 지역마다 상이할 수 있으므로, 정확한 정보를 얻기 위해서는",128,213,96,95
